{"cameraMode":{"drawMode":0,"name":"Shaded","section":"Shading Mode"},"sceneLighting":true,"audioPlay":false,"sceneViewState":{"m_AlwaysRefresh":false,"showFog":true,"showSkybox":true,"showFlares":true,"showImageEffects":true,"showParticleSystems":true,"showVisualEffectGraphs":true,"m_FxEnabled":true},"in2DMode":false,"pivot":{"x":-0.023029211908578874,"y":-0.48978912830352785,"z":-0.0016169473528862},"rotation":{"x":0.05508806183934212,"y":0.7180718779563904,"z":-0.05720427259802818,"w":0.6914305090904236},"size":0.07269813120365143,"orthographic":true}